question_id,system_type,response,retrieved_chunk_ids,response_time_seconds
G20_Q012,S0,"Financial stress is a significant concern for university students worldwide, and its impact on mental health is well-documented. Research consistently shows that financial strain can exacerbate or contribute to mental health challenges such as anxiety, depression, and stress-related disorders. Below, I'll break down the key ways financial stress affects student mental health, supported by evidence, and suggest actionable coping strategies. --- ### **1. Direct Mental Health Impacts of Financial Stress** Financial stress can manifest in several psychological and emotional ways: #### **A. Anxiety and Depression** - **Evidence**: A 2021 study published in *The Journal of Affective Disorders* found that financial stress was strongly associated with symptoms of anxiety and depression among university students. Students facing financial difficulties reported higher levels of psychological distress compared to their peers. - **Why?** The uncertainty of meeting basic needs (e.g., tuition, rent, food) triggers a ""fight or flight"" response, leading to chronic stress. Over.",,6.01
G20_Q012,S1,"There is an evident and statistically reliable connection between student debt and mental illnesses such as depression and anxiety disorders. According to statistics, as much as 46% of people with financial problems have mental issues, which is evidence of the high correlation between being in debt and suffering from psychological problems (Grand Rising Behavioral Health, 2024). As for students, fear of future debt can be an important factor that leads to their suffering from anxiety before receiving student loans. Students think about money while awake and before going to sleep, which causes them to become overexcited and unable to relax (AIU Blog, 2025). There is. Use this for general support and referral guidance only; do not diagnose or suggest medication.",G20_C005,1.25
G20_Q012,S2,"Start with one practical step: list the exact money issue, choose the most urgent bill or study task, and contact the relevant support office or adviser. Use a short study block after a breathing pause, and consider scholarships, budgeting, part-time work limits, or counseling if the stress keeps affecting daily life.",G20_C005,7.27
G20_Q002,S0,"Financial stress is a significant and widespread issue among university students worldwide, with research indicating that it affects a substantial proportion of the student population. Below is a detailed overview of its prevalence, supported by global and regional studies: ### **Global Prevalence of Financial Stress Among University Students** 1. **General Trends**: - A **2021 global survey** by the **International Association of Student Financial Aid Administrators (IASFAA)** found that **over 60% of university students** reported financial stress as a major concern, with many struggling to cover basic needs like tuition, housing, and food. - The **2022 Student Financial Wellness Survey (SFWS)** by Trellis Company, which included responses from **18,000+ students across the U.S.**, revealed that **66% of students** experienced moderate to high financial stress, with **43%** reporting food insecurity and **56%** housing insecurity at some point during their studies. - A **2020 study** published in the *Journal of American College Health*.",,6.79
G20_Q002,S1,"Financial stress is one of the most widespread challenges in higher education worldwide. A 2024 Ellucian survey of 1,500 U.S. college students found that 59% had considered dropping out due to financial stress, and nearly 80% reported a negative impact on their mental health because of financial concerns. Gallup and Lumina Foundation data (2023) showed that 66% of students report stress and 51% report worry mainly due to personal finances. The Hope Center for College, Community and Justice (2021) found that 3 in 5 U.S. students experience basic-need insecurity - meaning they struggle to afford food, housing, or both. Internationally, a 2023 study of 1,272 Lebanese university students published in BMC Public Health confirmed a significant impact of financial stress on well-being and mental health. Research in developing economies shows even higher prevalence, as government funding, scholarships, and employment opportunities are more limited. The COVID-19 pandemic dramatically worsened this landscape.",G20_C001,1.21
G20_Q002,S2,"Use a simple, honest plan: identify the cost or decision, check official aid and scholarship information, compare options, and ask the financial aid office or a trusted adviser for guidance. Keep the plan realistic so it supports study progress without creating extra stress.",G20_C001,8.01
G20_Q012,S0,"I'm really sorry that you're feeling this way, but I'm glad you're taking the first step to address it. Student loan anxiety is a common experience, and it's important to remember that you're not alone in this. Let's break down some strategies to help you cope. ### Understanding Student Loan Anxiety Firstly, it's crucial to understand that anxiety about student loans is a valid concern. The weight of debt can feel overwhelming, especially when you're trying to balance other financial responsibilities, academic pressures, and personal life. According to the American Psychological Association (APA), financial stress is one of the top stressors for young adults, and student loans are a significant contributor to this stress. ### Causes of Student Loan Anxiety 1. **Uncertainty About the Future**: Many students worry about how they'll manage loan repayments after graduation, especially if they're unsure about their future income or career path. 2. **Debt Burden**.",,13.29
G20_Q012,S1,"When money worries interrupt study time, students can use simple non-clinical grounding steps such as pausing, taking a few slow breaths, writing down the exact financial worry, and choosing one practical next action. Helpful next actions include contacting financial aid, checking scholarship or emergency support options, setting a small study block, or asking a trusted person to help make the first call or email. This is general student support, not a therapy plan or medical treatment.",G20_C014,1.07
G20_Q012,S2,"Start with one practical step: list the exact money issue, choose the most urgent bill or study task, and contact the relevant support office or adviser. Use a short study block after a breathing pause, and consider scholarships, budgeting, part-time work limits, or counseling if the stress keeps affecting daily life.",G20_C014,14.36
G20_Q008,S0,"I'm glad you're seeking information on this important topic. Financial stress is a significant concern for many university students, and universities typically offer a range of support services to help. Here's a detailed breakdown of the types of support you can expect, along with some practical advice: --- ### **1. Financial Aid and Scholarships** Most universities have dedicated financial aid offices that can help you navigate funding options: - **Government Loans and Grants**: Many countries offer student loans or grants (e.g., FAFSA in the U.S., Student Finance in the UK, or OSAP in Canada). These are often income-based and don't need to be repaid immediately. - **University-Specific Scholarships**: Look for merit-based, need-based, or program-specific scholarships. Some universities offer emergency funds for unexpected financial crises. - **Work-Study Programs**: Part-time jobs on campus (e.g., library assistant, research assistant) can provide income while fitting around your schedule. **Actionable Step**: Visit your university's financial.",,7.07
G20_Q008,S1,"Government-level interventions represent the structural layer of financial support for students, operating above the institutional level: (1) In the U.S. - the Federal Pell Grant provides up to $7,395 per year for low-income undergraduates. Federal Work-Study provides part-time employment subsidised by the government. Income-Driven Repayment (IDR) plans cap monthly loan repayments at a percentage of discretionary income. Public Service Loan Forgiveness (PSLF) cancels remaining debt after 10 years of qualifying payments for government or non-profit employees. The TEACH Grant ($4,000/year) supports students pursuing education careers. (2) In the UK - the Student Loan Company provides maintenance loans adjusted for household income and geography; the NHS Bursary supports healthcare students. (3) In Canada - the Canada Student Grants and Loans program provides non-repayable grants to low-income students. (4) In Australia - HECS-HELP means students don't pay tuition upfront; repayments begin only when income exceeds a threshold (~AUD$54,000). (5) Pell Grant statistics.",G20_C020,1.27
G20_Q008,S2,"Use a simple, honest plan: identify the cost or decision, check official aid and scholarship information, compare options, and ask the financial aid office or a trusted adviser for guidance. Keep the plan realistic so it supports study progress without creating extra stress.",G20_C020,8.35
G20_Q021,S0,"I'm really glad you've asked this important question. Financial pressure is a significant stressor for many university students, and understanding its long-term effects can help us address them effectively. Let's break this down into key areas: **academic performance, mental and physical health, career prospects, and personal relationships**. I'll also share some evidence-based strategies to mitigate these effects. --- ### **1. Academic Performance & Career Prospects** **Short-term effects** (while studying): - **Lower grades**: Financial stress can impair cognitive function, making it harder to focus, retain information, or perform well in exams. A 2018 study published in *Social Science Research* found that students with higher financial stress were more likely to have lower GPAs. - **Delayed graduation**: Financial strain may force students to work longer hours, take fewer courses, or drop out temporarily, delaying their degree completion. The *National Center for Education Statistics* reports that only 41% of full-time students at public.",,14.83
G20_Q021,S1,"Yes, financial difficulty is one of the most powerful predictors of student dropout. According to EducationData.org, 41% of college dropouts say money problems forced them to leave, with half finding tuition unaffordable and nearly as many struggling with living expenses. The Ellucian 2024 survey found that 59% of students had seriously considered dropping out due to financial stress. Critically, research shows that almost 40% of students who take out loans don't graduate, and these students are three times more likely to default on loans, earn less lifetime income, and face higher unemployment rates than borrowers who complete their degrees. Nearly 4 million students have dropped out of college but still carry student loan debt - a devastating outcome where they bear the financial burden without the credential that would enable repayment. The 2020-2024 systematic review on dropout determinants confirmed that students from lower socioeconomic backgrounds are disproportionately affected, often making.",G20_C009,1.88
G20_Q021,S2,"That sounds very heavy, and you should not handle it alone. Contact your university financial aid or student support office, ask about emergency funds or payment plans, and tell a trusted friend, family member, teacher, or counselor how overwhelmed you feel. Break the next step into one message or appointment today.",G20_C009,16.71
G20_Q005,S0,"I'm glad you're seeking ways to manage your finances effectively as a student. Budgeting is a crucial skill that can help reduce financial stress and allow you to focus more on your studies. Here are some evidence-based and practical budgeting strategies tailored for university students: --- ### **1. Track Your Income and Expenses** **Why it matters:** Understanding your cash flow is the first step in budgeting. Many students underestimate their spending habits, leading to financial strain. **How to do it:** - **Use budgeting apps:** Tools like **Mint, YNAB (You Need A Budget), or PocketGuard** can automatically categorize your spending and show where your money goes. - **Manual tracking:** If you prefer a hands-on approach, use a **spreadsheet (Excel/Google Sheets)** or a **simple notebook** to log every expense for a month. This will reveal spending patterns. - **Review bank statements:** Check your account regularly to spot unnecessary subscriptions or fees. **Evidence:**.",,15.92
G20_Q005,S1,"Building an emergency fund on a student budget requires intentional, consistent small contributions rather than large lump-sum savings. The goal is to accumulate 1-3 months of essential expenses, which serves as a buffer against unexpected costs. Practical steps include: (1) Start with a micro-savings target - even $5-$10 per week adds up to $260-$520 over a year. (2) Automate transfers - set up an automatic transfer to a savings account on the day financial aid or wages are received, before spending. (3) Use a high-yield savings account - online banks like Marcus, Ally, or country-specific equivalents offer higher interest with no minimum balance. (4) Apply the 'pay yourself first' principle - treat savings as a non-negotiable bill. (5) Use windfalls strategically - tax refunds, cash gifts, or one-time gig income should go partially into emergency savings. (6) Identify spending leaks - subscription services, takeaway meals, or impulse purchases that can.",G20_C016,12.11
G20_Q005,S2,"Use a simple, honest plan: identify the cost or decision, check official aid and scholarship information, compare options, and ask the financial aid office or a trusted adviser for guidance. Keep the plan realistic so it supports study progress without creating extra stress.",G20_C016,28.02
G20_Q011,S0,"I'm really glad you've reached out about this-financial study pressure is something many university students face, and it's completely okay to feel overwhelmed. You're not alone, and there are ways to manage this stress while staying focused on your studies. Let's break this down step by step so you can feel more in control. --- ### **Understanding Financial Study Pressure** Financial study pressure refers to the stress and anxiety that come from worrying about money while trying to succeed academically. This could include concerns about tuition, rent, groceries, textbooks, or even unexpected expenses like medical bills or car repairs. For many students, this pressure can feel like a constant weight, making it hard to concentrate on exams, assignments, or even enjoying university life. Research shows that financial stress is one of the top contributors to mental health struggles among students. A 2021 study by *Student Minds* in the UK found.",,6.56
G20_Q011,S1,"Financial counselling can help students understand income, expenses, debts, deadlines, and aid options in one organized place. A financial counsellor or trained student-support adviser can help a student prepare a realistic budget, prioritize urgent payments, ask about scholarships or emergency grants, and communicate with the university finance office. The support should stay practical and educational: it should not diagnose mental health conditions or promise a guaranteed financial outcome. If money pressure is also causing strong distress, the student should be encouraged to speak with campus wellbeing services, a trusted staff member, or another qualified human support person.",G20_C005,0.94
G20_Q011,S2,"Start with one practical step: list the exact money issue, choose the most urgent bill or study task, and contact the relevant support office or adviser. Use a short study block after a breathing pause, and consider scholarships, budgeting, part-time work limits, or counseling if the stress keeps affecting daily life.",G20_C005,7.5
G20_Q001,S0,"Financial stress among university students is a widespread issue, often stemming from a combination of academic pressures, living costs, and socioeconomic factors. Research consistently highlights several primary sources of financial strain for students. Here's a detailed breakdown of the key contributors, supported by evidence and real-world context: --- ### **1. Tuition Fees and Rising Education Costs** - **Tuition Inflation**: Over the past few decades, tuition fees have risen sharply in many countries, particularly in the U.S., UK, Canada, and Australia. For example, in the U.S., average tuition at public four-year institutions increased by **169%** from 1980 to 2020 (adjusted for inflation), far outpacing income growth (*College Board, 2021*). - **International Students**: These students often face even higher fees, with some countries (e.g., UK, Australia) charging premium rates for non-EU or non-domestic students. Visa restrictions may also limit their ability to work, exacerbating financial strain. - **Hidden Costs**: Beyond tuition, students.",,14.35
G20_Q001,S1,"The primary sources of financial stress for students fall into several overlapping categories: (1) Tuition and fees - the most cited stressor; 61% of students in a College Ave survey said college was more expensive than anticipated. (2) Living expenses - rent, utilities, food, and transportation, especially for students living off campus. (3) Student loan debt - the average debt for 2023 U.S. graduates was approximately $37,650, with national student loan debt reaching $1.7 trillion across 45 million borrowers. (4) Lack of emergency funds - unexpected expenses like medical bills or car repairs can destabilise an already thin budget. (5) Part-time work obligations - students who must work long hours to fund education often sacrifice study time and sleep. (6) Insufficient family support - first-generation students and those from lower socioeconomic backgrounds often cannot rely on family financial assistance. (7) Cost of academic materials - textbooks alone can cost hundreds.",G20_C002,0.53
G20_Q001,S2,"Use a simple, honest plan: identify the cost or decision, check official aid and scholarship information, compare options, and ask the financial aid office or a trusted adviser for guidance. Keep the plan realistic so it supports study progress without creating extra stress.",G20_C002,14.88
G20_Q009,S0,"I'm glad you're taking steps to improve your financial literacy-it's one of the most empowering tools for managing stress and building long-term security. Financial stress is a major concern for university students, with surveys showing that money worries often rank among the top sources of anxiety, affecting academic performance and mental health. Fortunately, there are excellent **free** online resources designed specifically for students to build financial knowledge without cost barriers. Here are some of the **best free online resources** for student financial education, backed by reputable organizations and tailored to learners: --- ### 🌐 **Comprehensive Financial Literacy Platforms** 1. **MoneyHelper (UK Government)** 🔗 [https://www.moneyhelper.org.uk](https://www.moneyhelper.org.uk) - Free, impartial guidance from the UK Money and Pensions Service. - Covers budgeting, student finance, debt management, and saving. - Includes a **Student Budget Calculator** and guides on managing loans and grants. 2. **Khan Academy - Personal Finance** 🔗 [https://www.khanacademy.org/money](https://www.khanacademy.org/money) - High-quality, bite-sized video lessons.",,10.31
G20_Q009,S1,"A wide range of free online resources can help students build the financial literacy needed to manage study-related financial pressure: (1) Government portals - the U.S. Federal Student Aid website (studentaid.gov) provides comprehensive information on FAFSA, loans, repayment plans, and forgiveness programs. (2) University financial aid offices - most have online resources, calculators, and guides specific to their institution and local aid programs. (3) Khan Academy - offers free courses on personal finance, budgeting, taxes, credit, and investing, presented accessibly. (4) CFPB (Consumer Financial Protection Bureau) - provides free financial education tools at consumerfinance.gov, including student loan tools. (5) AFCPE (Association for Financial Counseling and Planning Education) - publishes research and practical resources on student financial stress. (6) YouTube channels - channels like Graham Stephan, Andrei Jikh, and The Financial Diet offer practical personal finance content. (7) University library databases - JSTOR, PubMed, and institutional databases provide access to peer-reviewed.",G20_C029,5.74
G20_Q009,S2,"Use a simple, honest plan: identify the cost or decision, check official aid and scholarship information, compare options, and ask the financial aid office or a trusted adviser for guidance. Keep the plan realistic so it supports study progress without creating extra stress.",G20_C029,16.05
G20_Q011,S0,"I'm really glad you've reached out about this. Financial study pressure is something many students face, and it's completely okay to feel overwhelmed. Let's break this down together so you can find a way forward that works for you. ### Understanding Financial Study Pressure Financial stress during your studies can come from many places: tuition fees, rent, groceries, textbooks, unexpected expenses, or even the pressure to maintain a certain lifestyle. It's not just about having enough money-it's also about the anxiety of not knowing how you'll manage, especially when juggling academic demands. ### Mental Health Impacts This kind of stress can take a toll on your mental health. You might feel: - **Anxious or restless** - Constantly worrying about money can make it hard to focus on your studies. - **Isolated** - Feeling like you're the only one struggling can make it harder to ask for help. - **Exhausted** -.",,5.66
G20_Q011,S1,"Financial counselling can help students understand income, expenses, debts, deadlines, and aid options in one organized place. A financial counsellor or trained student-support adviser can help a student prepare a realistic budget, prioritize urgent payments, ask about scholarships or emergency grants, and communicate with the university finance office. The support should stay practical and educational: it should not diagnose mental health conditions or promise a guaranteed financial outcome. If money pressure is also causing strong distress, the student should be encouraged to speak with campus wellbeing services, a trusted staff member, or another qualified human support person.",G20_C005,0.87
G20_Q011,S2,"Start with one practical step: list the exact money issue, choose the most urgent bill or study task, and contact the relevant support office or adviser. Use a short study block after a breathing pause, and consider scholarships, budgeting, part-time work limits, or counseling if the stress keeps affecting daily life.",G20_C005,6.53
